{"is_source_file": false, "format": "", "description": "", "external_files": [], "external_methods": [], "published": [], "classes": [], "methods": [], "calls": [], "search-terms": [], "state": 2, "file_id": 6, "knowledge_revision": 9, "git_revision": "624416f36c556f25c6b31da9178daaca5c4bfaca", "hash": "8254e9c6224d632f6e6e11daa6754cba", "format-version": 4, "code-base-name": "guess_the_number_frontend", "filename": "guess_the_number_frontend/app.json", "revision_history": [{"9": "624416f36c556f25c6b31da9178daaca5c4bfaca"}]}