{"is_source_file": false, "format": "", "description": "", "external_files": [], "external_methods": [], "published": [], "classes": [], "methods": [], "calls": [], "search-terms": ["tsconfig", "TypeScript configuration", "compilerOptions", "extends", "expo"], "state": 2, "file_id": 2, "knowledge_revision": 8, "git_revision": "624416f36c556f25c6b31da9178daaca5c4bfaca", "hash": "a5df9ddad82c56de332cbb7d00dd294b", "format-version": 4, "code-base-name": "guess_the_number_frontend", "filename": "guess_the_number_frontend/tsconfig.json", "revision_history": [{"8": "624416f36c556f25c6b31da9178daaca5c4bfaca"}]}