{"is_source_file": true, "format": "TypeScript (TSX)", "description": "The file is a React Native frontend component for a 'Guess the Number' game, including gameplay logic, UI rendering, difficulty selection, leaderboard management, and persistence.", "external_files": ["@react-native-async-storage/async-storage", "react", "react-native", "expo-status-bar"], "external_methods": ["useEffect", "useMemo", "useRef", "useState", "AsyncStorage.getItem", "AsyncStorage.setItem", "AsyncStorage.removeItem", "Array.prototype.sort", "JSON.parse", "JSON.stringify", "Date.now", "Math.random", "Math.floor", "Number", "Number.isFinite", "Number.isInteger", "setTimeout", "Keyboard.dismiss", "Alert.alert", "TextInput.onChangeText", "FlatList.renderItem", "FlatList.keyExtractor", "Date.prototype.toLocaleDateString"], "published": ["App"], "classes": [], "methods": [{"name": "randomIntInclusive", "description": "Generates a random integer between min and max, inclusive."}, {"name": "parseGuess", "description": "Parses and validates a user's guess input, returning an integer or null."}, {"name": "attemptLimitReached", "description": "Checks if the number of attempts has reached the maximum allowed for the current difficulty."}, {"name": "startNewGame", "description": "Initializes and starts a new game with specified difficulty."}, {"name": "handleSubmitGuess", "description": "Handles the guess submission logic, updating attempts, providing hints, and determining game over/win states."}, {"name": "handleSaveWin", "description": "Saves the player's win to the leaderboard if a valid name is provided."}, {"name": "handleClearLeaderboard", "description": "Clears all stored leaderboard entries after user confirmation."}], "calls": ["setTarget", "setAttempts", "setHint", "setLeaderboard", "setLeaderboardOpen", "setNameModalOpen", "setPlayerName", "setPendingWinAttempts", "AsyncStorage.getItem", "AsyncStorage.setItem", "AsyncStorage.removeItem", "sortLeaderboard", "startNewGame", "parseGuess", "Keyboard.dismiss", "Alert.alert", "Math.random", "Date.now", "JSON.parse", "JSON.stringify", "new Date", "Platform.select"], "search-terms": ["guess_the_number_frontend", "leaderboard", "difficulty", "App.tsx", "useState", "AsyncStorage", "react-native", "Modal", "TextInput", "FlatList"], "state": 2, "file_id": 4, "knowledge_revision": 14, "git_revision": "624416f36c556f25c6b31da9178daaca5c4bfaca", "revision_history": [{"13": "624416f36c556f25c6b31da9178daaca5c4bfaca"}, {"14": "624416f36c556f25c6b31da9178daaca5c4bfaca"}], "ctags": [], "hash": "a0e1374f9f31719b25fea500e4b0be45", "format-version": 4, "code-base-name": "guess_the_number_frontend", "filename": "guess_the_number_frontend/App.tsx"}