{"is_source_file": true, "format": "TypeScript", "description": "This file is the entry point for a React Native application built with Expo. It imports the core function 'registerRootComponent' from 'expo' and registers the main App component as the root component of the application, setting up the environment for both Expo Go and native builds.", "external_files": ["./App"], "external_methods": ["registerRootComponent"], "published": [], "classes": [], "methods": [{"name": "registerRootComponent", "description": "Function called to register the main application component as the root component for React Native environment using Expo."}], "calls": ["registerRootComponent", "App"], "search-terms": ["expo", "registerRootComponent", "index.ts", "main entry point", "React Native", "App component"], "state": 2, "file_id": 3, "knowledge_revision": 10, "git_revision": "624416f36c556f25c6b31da9178daaca5c4bfaca", "ctags": [], "hash": "33caa6d28d87fc7e637c033d0d7124b1", "format-version": 4, "code-base-name": "guess_the_number_frontend", "filename": "guess_the_number_frontend/index.ts", "revision_history": [{"10": "624416f36c556f25c6b31da9178daaca5c4bfaca"}]}