{"is_source_file": false, "format": "", "description": "", "external_files": [], "external_methods": [], "published": [], "classes": [], "methods": [], "calls": [], "search-terms": [], "state": 2, "file_id": 5, "knowledge_revision": 17, "git_revision": "624416f36c556f25c6b31da9178daaca5c4bfaca", "hash": "f0c35274d8fbfbf1761d17d47cb426a6", "format-version": 4, "code-base-name": "guess_the_number_frontend", "filename": "guess_the_number_frontend/package.json", "revision_history": [{"17": "624416f36c556f25c6b31da9178daaca5c4bfaca"}]}