{"is_source_file": false, "format": "", "description": "", "external_files": [], "external_methods": [], "published": [], "classes": [], "methods": [], "calls": [], "search-terms": [], "state": 2, "file_id": 1, "knowledge_revision": 11, "git_revision": "8d2d57189c53f0e955a4b0d6820a84198d51b658", "hash": "2e39a30d5c9931220ae44a6687277217", "format-version": 4, "code-base-name": "guess_the_number_frontend", "filename": "README.md", "revision_history": [{"11": "8d2d57189c53f0e955a4b0d6820a84198d51b658"}]}